{"cameraMode":{"drawMode":0,"name":"Shaded","section":"Shading Mode"},"sceneLighting":true,"audioPlay":false,"sceneViewState":{"m_AlwaysRefresh":false,"showFog":true,"showSkybox":true,"showFlares":true,"showImageEffects":true,"showParticleSystems":true,"showVisualEffectGraphs":true,"m_FxEnabled":true},"in2DMode":false,"pivot":{"x":14.222957611083985,"y":4.954790115356445,"z":80.75544738769531},"rotation":{"x":-0.059634700417518619,"y":0.025447120890021325,"z":0.0015124533092603088,"w":0.9979014992713928},"size":53.874267578125,"orthographic":false}