{"cameraMode":{"drawMode":0,"name":"Shaded","section":"Shading Mode"},"sceneLighting":true,"audioPlay":false,"sceneViewState":{"m_AlwaysRefresh":false,"showFog":true,"showSkybox":true,"showFlares":true,"showImageEffects":true,"showParticleSystems":true,"showVisualEffectGraphs":true,"m_FxEnabled":true},"in2DMode":false,"pivot":{"x":4.71247673034668,"y":5.828732490539551,"z":48.489158630371097},"rotation":{"x":0.03239800035953522,"y":0.31874266266822817,"z":0.01090259850025177,"w":-0.9472307562828064},"size":1.9108061790466309,"orthographic":false}